<?xml version="1.0" encoding="UTF-8"?>

<EncoderPreset>
  <AmbiSourceSet>
    <DistanceScaler Factor="1.0"/>
    <MasterGain Value="0.0"/>
    <Sources>
      <Source Uuid="f86616f064144ff3b8d5751270e96d65" X="-0.1918604373931885"
              Y="0.02906978130340576" Z="0.08143067359924316" Name="Local"
              ColorCode="ffea0808" Gain="1.0" Mute="0" Enabled="1"/>
      <Source Uuid="89182a484bc5426c93c7b867ef6a462f" X="-0.3372092843055725"
              Y="0.2034883499145508" Z="0.08143067359924316" Name="Loc_1" ColorCode="ff288bc6"
              Gain="1.0" Mute="0" Enabled="1"/>
      <Source Uuid="3bbd87fc07ed46fbab03b4b07a7be2a6" X="0.005813956260681152"
              Y="0.4825581312179565" Z="0.08143067359924316" Name="Loc_2" ColorCode="ff288bc6"
              Gain="1.0" Mute="0" Enabled="1"/>
      <Source Uuid="7fb72364612f4c619c996e953925679b" X="0.3139535188674927"
              Y="0.2383720874786377" Z="0.0" Name="Loc_3" ColorCode="ff288bc6"
              Gain="1.0" Mute="0" Enabled="1"/>
      <Source Uuid="83e3f52d444546d9818c5ce963ae0336" X="0.4069766998291016"
              Y="0.04069769382476807" Z="0.0" Name="Loc_4" ColorCode="ff288bc6"
              Gain="1.0" Mute="0" Enabled="1"/>
      <Source Uuid="c555693d64cd482fae713563641b1463" X="0.0" Y="0.0" Z="0.0"
              Name="Loc_5" ColorCode="ff288bc6" Gain="1.0" Mute="0" Enabled="0"/>
      <Source Uuid="c381a6f98bcd429aaa5ecc47d4b266e9" X="0.0" Y="0.0" Z="0.0"
              Name="Loc_6" ColorCode="ff288bc6" Gain="1.0" Mute="0" Enabled="0"/>
      <Source Uuid="0b3d66363b814bb598c20357457c884e" X="0.0" Y="0.0" Z="0.0"
              Name="Loc_7" ColorCode="ff288bc6" Gain="1.0" Mute="0" Enabled="0"/>
      <Source Uuid="c0437ef20fda4d2fbea82cba95f46089" X="0.0" Y="0.0" Z="0.0"
              Name="Loc_8" ColorCode="ff288bc6" Gain="1.0" Mute="0" Enabled="0"/>
      <Source Uuid="04dba0fe43fd4e4ebb53509e493fae3a" X="0.0" Y="0.0" Z="0.0"
              Name="Loc_9" ColorCode="ff288bc6" Gain="1.0" Mute="0" Enabled="0"/>
      <Source Uuid="f1a11bd0ac054f7b8115d64086bb0bc8" X="0.0" Y="0.0" Z="0.0"
              Name="Loc_10" ColorCode="ff288bc6" Gain="1.0" Mute="0" Enabled="0"/>
      <Source Uuid="e8b7886a47b04a33bdb5e5dd5c22179d" X="0.0" Y="0.0" Z="0.0"
              Name="Loc_11" ColorCode="ff288bc6" Gain="1.0" Mute="0" Enabled="0"/>
      <Source Uuid="760563cd00824f559b8a99dee46f3cd3" X="0.0" Y="0.0" Z="0.0"
              Name="Loc_12" ColorCode="ff288bc6" Gain="1.0" Mute="0" Enabled="0"/>
      <Source Uuid="7a18c999afbf4697b22c034f16495446" X="0.0" Y="0.0" Z="0.0"
              Name="Lov_13" ColorCode="ff288bc6" Gain="1.0" Mute="0" Enabled="0"/>
      <Source Uuid="9f1a0905213e448e80e25e523112bda5" X="0.0" Y="0.0" Z="0.0"
              Name="Loc_14" ColorCode="ff288bc6" Gain="1.0" Mute="0" Enabled="0"/>
      <Source Uuid="21420c70ee564253b4bf11e7e6f27d00" X="0.0" Y="0.0" Z="0.0"
              Name="Loc_15" ColorCode="ff288bc6" Gain="1.0" Mute="0" Enabled="0"/>
      <Source Uuid="74a5744a975d450f80b7369a81f6ebc5" X="0.0" Y="0.0" Z="0.0"
              Name="Loc_16" ColorCode="ff288bc6" Gain="1.0" Mute="0" Enabled="0"/>
      <Source Uuid="2410d9aa0afd406fb26070c64ef84c2b" X="0.0" Y="0.0" Z="0.0"
              Name="DAW-L" ColorCode="ff1f6b42" Gain="1.0" Mute="0" Enabled="0"/>
      <Source Uuid="778b2d502ee94c969bf497381b801203" X="0.0" Y="0.0" Z="0.0"
              Name="DAW-R" ColorCode="ff1f6b42" Gain="1.0" Mute="0" Enabled="0"/>
      <Source Uuid="a44f8902548d4908b46faf0a9a0e3dcb" X="0.0" Y="0.0" Z="0.0"
              Name="20" ColorCode="ff000000" Gain="1.0" Mute="0" Enabled="0"/>
      <Source Uuid="ede482b5c65b4530bafc875909578481" X="0.0" Y="0.0" Z="0.0"
              Name="21" ColorCode="ff000000" Gain="1.0" Mute="0" Enabled="0"/>
      <Source Uuid="03dfd0df5fc841babafeacf1b84e4e91" X="0.0" Y="0.0" Z="0.0"
              Name="22" ColorCode="ff000000" Gain="1.0" Mute="0" Enabled="0"/>
      <Source Uuid="b5a3e1dbe05a4677a9772c1e60ab1a40" X="0.0" Y="0.0" Z="0.0"
              Name="23" ColorCode="ff000000" Gain="1.0" Mute="0" Enabled="0"/>
      <Source Uuid="7f65824404ee4713a07be9e6cb071dd6" X="0.0" Y="0.0" Z="0.0"
              Name="24" ColorCode="ff000000" Gain="1.0" Mute="0" Enabled="0"/>
      <Source Uuid="8dff9b68aac44e55ac967dda544bffd2" X="0.0" Y="0.0" Z="0.0"
              Name="25" ColorCode="ff000000" Gain="1.0" Mute="0" Enabled="0"/>
      <Source Uuid="5e7f8fe41624443288f09c6ec873f0ca" X="0.0" Y="0.0" Z="0.0"
              Name="26" ColorCode="ff000000" Gain="1.0" Mute="0" Enabled="0"/>
      <Source Uuid="5a21f4275f8b48b2a17be280678fe9c8" X="0.0" Y="0.0" Z="0.0"
              Name="27" ColorCode="ff000000" Gain="1.0" Mute="0" Enabled="0"/>
      <Source Uuid="ce3b624bc4d94969b93beb0685e05f90" X="0.0" Y="0.0" Z="0.0"
              Name="28" ColorCode="ff000000" Gain="1.0" Mute="0" Enabled="0"/>
      <Source Uuid="2e2f057643ae482baad9fe89e789b6bf" X="0.0" Y="0.0" Z="0.0"
              Name="29" ColorCode="ff000000" Gain="1.0" Mute="0" Enabled="0"/>
      <Source Uuid="0923ca4774834f3fa816d6439ad21fd7" X="0.0" Y="0.0" Z="0.0"
              Name="30" ColorCode="ff000000" Gain="1.0" Mute="0" Enabled="0"/>
      <Source Uuid="4b0a9bdb618043c89d073f9971da69b4" X="0.0" Y="0.0" Z="0.0"
              Name="31" ColorCode="ff000000" Gain="1.0" Mute="0" Enabled="0"/>
      <Source Uuid="6dc41b6a7e0449aa9073cd78a60f5513" X="0.0" Y="0.0" Z="0.0"
              Name="32" ColorCode="ff000000" Gain="1.0" Mute="0" Enabled="0"/>
      <Source Uuid="f65bf2490c5e4ef7b820147742bf450e" X="0.0" Y="0.0" Z="0.0"
              Name="33" ColorCode="ff000000" Gain="1.0" Mute="0" Enabled="0"/>
      <Source Uuid="b7eb1d353ce14c0b99e98c0e05b83493" X="0.0" Y="0.0" Z="0.0"
              Name="34" ColorCode="ff000000" Gain="1.0" Mute="0" Enabled="0"/>
      <Source Uuid="e95973a11e26496e8429e824e3bc2ef2" X="0.0" Y="0.0" Z="0.0"
              Name="35" ColorCode="ff000000" Gain="1.0" Mute="0" Enabled="0"/>
      <Source Uuid="808bfd7a63fa4d36becb39cf9c815b5c" X="0.0" Y="0.0" Z="0.0"
              Name="36" ColorCode="ff000000" Gain="1.0" Mute="0" Enabled="0"/>
      <Source Uuid="46746d88bc074957b640d5f3b4afa39c" X="0.0" Y="0.0" Z="0.0"
              Name="37" ColorCode="ff000000" Gain="1.0" Mute="0" Enabled="0"/>
      <Source Uuid="69da7d5e7ac642beb1257c88407377e2" X="0.0" Y="0.0" Z="0.0"
              Name="38" ColorCode="ff000000" Gain="1.0" Mute="0" Enabled="0"/>
      <Source Uuid="cd260429c3cd4338a2fb2c8ab6807c29" X="0.0" Y="0.0" Z="0.0"
              Name="39" ColorCode="ff000000" Gain="1.0" Mute="0" Enabled="0"/>
      <Source Uuid="601ed52975bf4ed38f5c26903e8f81c3" X="0.0" Y="0.0" Z="0.0"
              Name="40" ColorCode="ff000000" Gain="1.0" Mute="0" Enabled="0"/>
      <Source Uuid="61901d651a8d4903af3e8ca78243015b" X="0.0" Y="0.0" Z="0.0"
              Name="41" ColorCode="ff000000" Gain="1.0" Mute="0" Enabled="0"/>
      <Source Uuid="9456fecbfddd41659dc16900475a1bb2" X="0.0" Y="0.0" Z="0.0"
              Name="42" ColorCode="ff000000" Gain="1.0" Mute="0" Enabled="0"/>
      <Source Uuid="38256d43798847fdbf45da40d5057040" X="0.0" Y="0.0" Z="0.0"
              Name="43" ColorCode="ff000000" Gain="1.0" Mute="0" Enabled="0"/>
      <Source Uuid="a546f6a252bb4107a0ef064aeb808e25" X="0.0" Y="0.0" Z="0.0"
              Name="44" ColorCode="ff000000" Gain="1.0" Mute="0" Enabled="0"/>
      <Source Uuid="4c151937ae8c4b8eb953af816e162db6" X="0.0" Y="0.0" Z="0.0"
              Name="45" ColorCode="ff000000" Gain="1.0" Mute="0" Enabled="0"/>
      <Source Uuid="b3c5002d37b74ed78ff78e3328b521c4" X="0.0" Y="0.0" Z="0.0"
              Name="46" ColorCode="ff000000" Gain="1.0" Mute="0" Enabled="0"/>
      <Source Uuid="51295721dd394a97b67bda24b0e33c6c" X="0.0" Y="0.0" Z="0.0"
              Name="47" ColorCode="ff000000" Gain="1.0" Mute="0" Enabled="0"/>
      <Source Uuid="55d9e7216a1c466a831e9b823e645070" X="0.0" Y="0.0" Z="0.0"
              Name="48" ColorCode="ff000000" Gain="1.0" Mute="0" Enabled="0"/>
      <Source Uuid="9c7eedb261f746c7adb8508f754b416d" X="0.0" Y="0.0" Z="0.0"
              Name="49" ColorCode="ff000000" Gain="1.0" Mute="0" Enabled="0"/>
      <Source Uuid="a3228afb44474d5cade02fb04c82f8da" X="0.0" Y="0.0" Z="0.0"
              Name="50" ColorCode="ff000000" Gain="1.0" Mute="0" Enabled="0"/>
      <Source Uuid="8f459b56797e4f7182c1865c74428196" X="0.0" Y="0.0" Z="0.0"
              Name="51" ColorCode="ff000000" Gain="1.0" Mute="0" Enabled="0"/>
      <Source Uuid="869697db06c04f27adb3368678481a54" X="0.0" Y="0.0" Z="0.0"
              Name="52" ColorCode="ff000000" Gain="1.0" Mute="0" Enabled="0"/>
      <Source Uuid="a516280be89a46a09d62efabbfaf0dd4" X="0.0" Y="0.0" Z="0.0"
              Name="53" ColorCode="ff000000" Gain="1.0" Mute="0" Enabled="0"/>
      <Source Uuid="c5091551a46d4725bcbfd219eaf21ed4" X="0.0" Y="0.0" Z="0.0"
              Name="54" ColorCode="ff000000" Gain="1.0" Mute="0" Enabled="0"/>
      <Source Uuid="fe9bdfce78a849afa0fe790408732670" X="0.0" Y="0.0" Z="0.0"
              Name="55" ColorCode="ff000000" Gain="1.0" Mute="0" Enabled="0"/>
      <Source Uuid="cd3ac00dc71748bd9576fd0706d5770a" X="0.0" Y="0.0" Z="0.0"
              Name="56" ColorCode="ff000000" Gain="1.0" Mute="0" Enabled="0"/>
      <Source Uuid="9fd174af8995403ab3ffb9cce2c6ce9b" X="0.0" Y="0.0" Z="0.0"
              Name="57" ColorCode="ff000000" Gain="1.0" Mute="0" Enabled="0"/>
      <Source Uuid="3619133242a84f8c8c0d118a13ff1147" X="0.0" Y="0.0" Z="0.0"
              Name="58" ColorCode="ff000000" Gain="1.0" Mute="0" Enabled="0"/>
      <Source Uuid="2d95428f605342efb0753e324b0079cb" X="0.0" Y="0.0" Z="0.0"
              Name="59" ColorCode="ff000000" Gain="1.0" Mute="0" Enabled="0"/>
      <Source Uuid="2d994ed2cd034781bd6261194bbe4366" X="0.0" Y="0.0" Z="0.0"
              Name="60" ColorCode="ff000000" Gain="1.0" Mute="0" Enabled="0"/>
      <Source Uuid="22c10d94728e4407b881140b78669489" X="0.0" Y="0.0" Z="0.0"
              Name="61" ColorCode="ff000000" Gain="1.0" Mute="0" Enabled="0"/>
      <Source Uuid="572eee83e9bb4143a7749eaa80a28f5c" X="0.0" Y="0.0" Z="0.0"
              Name="62" ColorCode="ff000000" Gain="1.0" Mute="0" Enabled="0"/>
      <Source Uuid="091fb97fe441454da13a91d15cb2a944" X="0.0" Y="0.0" Z="0.0"
              Name="63" ColorCode="ff000000" Gain="1.0" Mute="0" Enabled="0"/>
      <Source Uuid="f913b274870d4124b663ee7222102f04" X="0.0" Y="0.0" Z="0.0"
              Name="64" ColorCode="ff000000" Gain="1.0" Mute="0" Enabled="0"/>
    </Sources>
    <Groups>
      <Group Uuid="efa8dae242d8472e9d033b304e11e4a8" X="0.0" Y="0.0" Z="0.0"
             Name="DAW" ColorCode="ff1f6b42" Gain="1.0" Mute="0" Enabled="0">
        <SubPoints/>
        <Rotation Q0="0.0" Q1="0.0" Q2="0.0" Q3="1.0"/>
        <Stretch Factor="1.0"/>
      </Group>
      <Group Uuid="571c7415909e4d6e90b2646a9b463c56" X="0.0" Y="0.0" Z="0.0"
             Name="G2" ColorCode="ffff4500" Gain="1.0" Mute="0" Enabled="0">
        <SubPoints/>
        <Rotation Q0="0.0" Q1="0.0" Q2="0.0" Q3="1.0"/>
        <Stretch Factor="1.0"/>
      </Group>
      <Group Uuid="3b1fc68c1990457391f87a55fd2bf513" X="0.0" Y="0.0" Z="0.0"
             Name="G3" ColorCode="ffff4500" Gain="1.0" Mute="0" Enabled="0">
        <SubPoints/>
        <Rotation Q0="0.0" Q1="0.0" Q2="0.0" Q3="1.0"/>
        <Stretch Factor="1.0"/>
      </Group>
      <Group Uuid="98bbb5ffca9847f894c4c08df36a7ee1" X="0.0" Y="0.0" Z="0.0"
             Name="G4" ColorCode="ffff4500" Gain="1.0" Mute="0" Enabled="0">
        <SubPoints/>
        <Rotation Q0="0.0" Q1="0.0" Q2="0.0" Q3="1.0"/>
        <Stretch Factor="1.0"/>
      </Group>
      <Group Uuid="48215826565f4feb9263ce5d72550743" X="0.0" Y="0.0" Z="0.0"
             Name="G5" ColorCode="ffff4500" Gain="1.0" Mute="0" Enabled="0">
        <SubPoints/>
        <Rotation Q0="0.0" Q1="0.0" Q2="0.0" Q3="1.0"/>
        <Stretch Factor="1.0"/>
      </Group>
      <Group Uuid="1e5625219d3b442382505fda36df64a7" X="0.0" Y="0.0" Z="0.0"
             Name="G6" ColorCode="ffff4500" Gain="1.0" Mute="0" Enabled="0">
        <SubPoints/>
        <Rotation Q0="0.0" Q1="0.0" Q2="0.0" Q3="1.0"/>
        <Stretch Factor="1.0"/>
      </Group>
      <Group Uuid="b398495137304ca3905b965d1ad05953" X="0.0" Y="0.0" Z="0.0"
             Name="G7" ColorCode="ffff4500" Gain="1.0" Mute="0" Enabled="0">
        <SubPoints/>
        <Rotation Q0="0.0" Q1="0.0" Q2="0.0" Q3="1.0"/>
        <Stretch Factor="1.0"/>
      </Group>
      <Group Uuid="33596f0e431a43acbf425a9d1eb33e53" X="0.0" Y="0.0" Z="0.0"
             Name="G8" ColorCode="ffff4500" Gain="1.0" Mute="0" Enabled="0">
        <SubPoints/>
        <Rotation Q0="0.0" Q1="0.0" Q2="0.0" Q3="1.0"/>
        <Stretch Factor="1.0"/>
      </Group>
    </Groups>
  </AmbiSourceSet>
</EncoderPreset>
