<?xml version="1.0" encoding="UTF-8"?>

<EncoderPreset>
  <AmbiSourceSet>
    <DistanceScaler Factor="1.0"/>
    <MasterGain Value="2.100000381469727"/>
    <Sources>
      <Source Uuid="c410f52bafc34249a23e544501af066e" X="0.0" Y="0.0" Z="0.0"
              Name="Local" ColorCode="ffea0808" Gain="1.0" Mute="0" Enabled="0"/>
      <Source Uuid="cbd553f608fe49ff9f26e046e5d3eddc" X="0.0" Y="0.0" Z="0.0"
              Name="Loc_1" ColorCode="ff288bc6" Gain="1.0" Mute="0" Enabled="0"/>
      <Source Uuid="cea54eec182d45c28e76759b2057b67d" X="0.0" Y="0.0" Z="0.0"
              Name="Loc_2" ColorCode="ff288bc6" Gain="1.0" Mute="0" Enabled="0"/>
      <Source Uuid="855ea5add6f744de9df2d5487d51e582" X="0.0" Y="0.0" Z="0.0"
              Name="Loc_3" ColorCode="ff288bc6" Gain="1.0" Mute="0" Enabled="0"/>
      <Source Uuid="1505ffe624a943309bb41404b0ae75ab" X="0.0" Y="0.0" Z="0.0"
              Name="Loc_4" ColorCode="ff288bc6" Gain="1.0" Mute="0" Enabled="0"/>
      <Source Uuid="4357820b7e3549459e4e60b4cc365738" X="0.0" Y="0.0" Z="0.0"
              Name="Loc_5" ColorCode="ff288bc6" Gain="1.0" Mute="0" Enabled="0"/>
      <Source Uuid="f415f5699c3c4862935280085bba8439" X="0.0" Y="0.0" Z="0.0"
              Name="Loc_6" ColorCode="ff288bc6" Gain="1.0" Mute="0" Enabled="0"/>
      <Source Uuid="52fa95dbfff741c7a396db72355c1d09" X="0.0" Y="0.0" Z="0.0"
              Name="Loc_7" ColorCode="ff288bc6" Gain="1.0" Mute="0" Enabled="0"/>
      <Source Uuid="73eccacb825046a7a59318c5f2ad10a9" X="0.0" Y="0.0" Z="0.0"
              Name="Loc_8" ColorCode="ff288bc6" Gain="1.0" Mute="0" Enabled="0"/>
      <Source Uuid="c3f1adad9a104023bf24e11888bc0ea2" X="0.0" Y="0.0" Z="0.0"
              Name="Loc_9" ColorCode="ff288bc6" Gain="1.0" Mute="0" Enabled="0"/>
      <Source Uuid="bf22739843e94aa7a34260f6b6cce788" X="0.0" Y="0.0" Z="0.0"
              Name="Loc_10" ColorCode="ff288bc6" Gain="1.0" Mute="0" Enabled="0"/>
      <Source Uuid="e2da462a8cb24a558f4723c5bab237a4" X="0.0" Y="0.0" Z="0.0"
              Name="Loc_11" ColorCode="ff288bc6" Gain="1.0" Mute="0" Enabled="0"/>
      <Source Uuid="8e92c08993da4064857de1775798b6b3" X="0.0" Y="0.0" Z="0.0"
              Name="Loc_12" ColorCode="ff288bc6" Gain="1.0" Mute="0" Enabled="0"/>
      <Source Uuid="d447e9a973f2491b843d00d6dd4d7b60" X="0.0" Y="0.0" Z="0.0"
              Name="Lov_13" ColorCode="ff288bc6" Gain="1.0" Mute="0" Enabled="0"/>
      <Source Uuid="196bbb75ed6d423eabe9e810f4213b12" X="0.0" Y="0.0" Z="0.0"
              Name="Loc_14" ColorCode="ff288bc6" Gain="1.0" Mute="0" Enabled="0"/>
      <Source Uuid="011d93b5114d4467b87e82792c9be521" X="0.0" Y="0.0" Z="0.0"
              Name="Loc_15" ColorCode="ff288bc6" Gain="1.0" Mute="0" Enabled="0"/>
      <Source Uuid="6b32dbf173b74b06911493abfb1a79d0" X="0.0" Y="0.0" Z="0.0"
              Name="Loc_16" ColorCode="ff288bc6" Gain="1.0" Mute="0" Enabled="0"/>
      <Source Uuid="1090c25fcd8945e9b74ffb247c2ae9b7" X="1.0" Y="-0.4698087177947218"
              Z="0.0" Name="DAW_L" ColorCode="ff143f1e" Gain="1.0" Mute="0"
              Enabled="1"/>
      <Source Uuid="62265b63b64d435c9abc42ac7fb48d19" X="-0.8734619288605693"
              Y="-0.6222872213054704" Z="0.0" Name="DAW_R" ColorCode="ff143f1e"
              Gain="1.0" Mute="0" Enabled="1"/>
      <Source Uuid="5b523f9af6ba4801af9b63c967e434b8" X="0.0" Y="0.0" Z="0.0"
              Name="20" ColorCode="ff000000" Gain="1.0" Mute="0" Enabled="0"/>
      <Source Uuid="ba5fd5625c9948298da9141671bde8a1" X="0.0" Y="0.0" Z="0.0"
              Name="21" ColorCode="ff000000" Gain="1.0" Mute="0" Enabled="0"/>
      <Source Uuid="5a81b26427ea423ebd4807a0a480cbd2" X="0.0" Y="0.0" Z="0.0"
              Name="22" ColorCode="ff000000" Gain="1.0" Mute="0" Enabled="0"/>
      <Source Uuid="e530b5d6649c4de69b251810867046c8" X="0.0" Y="0.0" Z="0.0"
              Name="23" ColorCode="ff000000" Gain="1.0" Mute="0" Enabled="0"/>
      <Source Uuid="ceaefe68e7bd45fc8bdd2c749d8947f9" X="0.0" Y="0.0" Z="0.0"
              Name="24" ColorCode="ff000000" Gain="1.0" Mute="0" Enabled="0"/>
      <Source Uuid="c6314f8937a84ac6b997b28493c5ab94" X="0.0" Y="0.0" Z="0.0"
              Name="25" ColorCode="ff000000" Gain="1.0" Mute="0" Enabled="0"/>
      <Source Uuid="435f9cf8df584f9f973ea501b68b411f" X="0.0" Y="0.0" Z="0.0"
              Name="26" ColorCode="ff000000" Gain="1.0" Mute="0" Enabled="0"/>
      <Source Uuid="754fc60d8f1444b0bf9b3423830fdb31" X="0.0" Y="0.0" Z="0.0"
              Name="27" ColorCode="ff000000" Gain="1.0" Mute="0" Enabled="0"/>
      <Source Uuid="23f54fa5f03649b5b399e4841f031f06" X="0.0" Y="0.0" Z="0.0"
              Name="28" ColorCode="ff000000" Gain="1.0" Mute="0" Enabled="0"/>
      <Source Uuid="33b302a01d9a43c08026a275a6131ff9" X="0.0" Y="0.0" Z="0.0"
              Name="29" ColorCode="ff000000" Gain="1.0" Mute="0" Enabled="0"/>
      <Source Uuid="4bc626329e1d467f962045edde8fd20a" X="0.0" Y="0.0" Z="0.0"
              Name="30" ColorCode="ff000000" Gain="1.0" Mute="0" Enabled="0"/>
      <Source Uuid="391a7e5a1a894f74ad229c45c74474a5" X="0.0" Y="0.0" Z="0.0"
              Name="31" ColorCode="ff000000" Gain="1.0" Mute="0" Enabled="0"/>
      <Source Uuid="aa530fb884d14dc9853a00c19f5e0fd8" X="0.0" Y="0.0" Z="0.0"
              Name="32" ColorCode="ff000000" Gain="1.0" Mute="0" Enabled="0"/>
      <Source Uuid="d0681fe916aa437b81b664c6d00a7e95" X="0.0" Y="0.0" Z="0.0"
              Name="33" ColorCode="ff000000" Gain="1.0" Mute="0" Enabled="0"/>
      <Source Uuid="51be6c17c7ae4f2e8a1066ac15ec66dc" X="0.0" Y="0.0" Z="0.0"
              Name="34" ColorCode="ff000000" Gain="1.0" Mute="0" Enabled="0"/>
      <Source Uuid="dba9b48acfa440589decbd8dfaf47d26" X="0.0" Y="0.0" Z="0.0"
              Name="35" ColorCode="ff000000" Gain="1.0" Mute="0" Enabled="0"/>
      <Source Uuid="aeffd3befc4d4e40a6d1a86fac437ef0" X="0.0" Y="0.0" Z="0.0"
              Name="36" ColorCode="ff000000" Gain="1.0" Mute="0" Enabled="0"/>
      <Source Uuid="c2c1b2c2bf5c417fb56c007da9197648" X="0.0" Y="0.0" Z="0.0"
              Name="37" ColorCode="ff000000" Gain="1.0" Mute="0" Enabled="0"/>
      <Source Uuid="605b08bc51894994a654ff799d418dab" X="0.0" Y="0.0" Z="0.0"
              Name="38" ColorCode="ff000000" Gain="1.0" Mute="0" Enabled="0"/>
      <Source Uuid="ae531a1435144b22869a291efeadf895" X="0.0" Y="0.0" Z="0.0"
              Name="39" ColorCode="ff000000" Gain="1.0" Mute="0" Enabled="0"/>
      <Source Uuid="7d4daa5f1cc24bcf9c1d079092f93af6" X="0.0" Y="0.0" Z="0.0"
              Name="40" ColorCode="ff000000" Gain="1.0" Mute="0" Enabled="0"/>
      <Source Uuid="d18a9d029a714cbf98f6f34ae928d112" X="0.0" Y="0.0" Z="0.0"
              Name="41" ColorCode="ff000000" Gain="1.0" Mute="0" Enabled="0"/>
      <Source Uuid="17194bc3fe0c4fabb909a4484cb02704" X="0.0" Y="0.0" Z="0.0"
              Name="42" ColorCode="ff000000" Gain="1.0" Mute="0" Enabled="0"/>
      <Source Uuid="a65ab79c9e8b46158c01f647bac3b93b" X="0.0" Y="0.0" Z="0.0"
              Name="43" ColorCode="ff000000" Gain="1.0" Mute="0" Enabled="0"/>
      <Source Uuid="6cc35a6061dd4491a29da940a3c91496" X="0.0" Y="0.0" Z="0.0"
              Name="44" ColorCode="ff000000" Gain="1.0" Mute="0" Enabled="0"/>
      <Source Uuid="3c2cfe2bf7b242cc8069a48e50f0c4b4" X="0.0" Y="0.0" Z="0.0"
              Name="45" ColorCode="ff000000" Gain="1.0" Mute="0" Enabled="0"/>
      <Source Uuid="595c4dedecd54324a01a1287bd474846" X="0.0" Y="0.0" Z="0.0"
              Name="46" ColorCode="ff000000" Gain="1.0" Mute="0" Enabled="0"/>
      <Source Uuid="b124668f786e438294f7ff93c26249b1" X="0.0" Y="0.0" Z="0.0"
              Name="47" ColorCode="ff000000" Gain="1.0" Mute="0" Enabled="0"/>
      <Source Uuid="3b4473449f9a40eb932f11c97284384b" X="0.0" Y="0.0" Z="0.0"
              Name="48" ColorCode="ff000000" Gain="1.0" Mute="0" Enabled="0"/>
      <Source Uuid="5423646f15e244e385e8cc3d64047124" X="0.0" Y="0.0" Z="0.0"
              Name="49" ColorCode="ff000000" Gain="1.0" Mute="0" Enabled="0"/>
      <Source Uuid="fd18608c371b4bcdb2f6b0c2b63272b5" X="0.0" Y="0.0" Z="0.0"
              Name="50" ColorCode="ff000000" Gain="1.0" Mute="0" Enabled="0"/>
      <Source Uuid="bca3fbb5c40e4e54a50faf5205945a24" X="0.0" Y="0.0" Z="0.0"
              Name="51" ColorCode="ff000000" Gain="1.0" Mute="0" Enabled="0"/>
      <Source Uuid="57d308b08cf14d648c1c90353eb0b7b7" X="0.0" Y="0.0" Z="0.0"
              Name="52" ColorCode="ff000000" Gain="1.0" Mute="0" Enabled="0"/>
      <Source Uuid="8a5d6ff0ef6641c6bef7042be875fc2f" X="0.0" Y="0.0" Z="0.0"
              Name="53" ColorCode="ff000000" Gain="1.0" Mute="0" Enabled="0"/>
      <Source Uuid="18076c3a12d54d2f887196c860a1df59" X="0.0" Y="0.0" Z="0.0"
              Name="54" ColorCode="ff000000" Gain="1.0" Mute="0" Enabled="0"/>
      <Source Uuid="b60690dc52d04912822cfbbc681f90a6" X="0.0" Y="0.0" Z="0.0"
              Name="55" ColorCode="ff000000" Gain="1.0" Mute="0" Enabled="0"/>
      <Source Uuid="1e90700b580b4ee6a7151a8548779e95" X="0.0" Y="0.0" Z="0.0"
              Name="56" ColorCode="ff000000" Gain="1.0" Mute="0" Enabled="0"/>
      <Source Uuid="b63f783722a642ce9a43bd18bf295ed7" X="0.0" Y="0.0" Z="0.0"
              Name="57" ColorCode="ff000000" Gain="1.0" Mute="0" Enabled="0"/>
      <Source Uuid="6409a5f2167b4175adf9cbf519b4d463" X="0.0" Y="0.0" Z="0.0"
              Name="58" ColorCode="ff000000" Gain="1.0" Mute="0" Enabled="0"/>
      <Source Uuid="e8b00cf671ea448087224bb91a476d0b" X="0.0" Y="0.0" Z="0.0"
              Name="59" ColorCode="ff000000" Gain="1.0" Mute="0" Enabled="0"/>
      <Source Uuid="285de5b2dfe4471da6596b1157e6f2b4" X="0.0" Y="0.0" Z="0.0"
              Name="60" ColorCode="ff000000" Gain="1.0" Mute="0" Enabled="0"/>
      <Source Uuid="d65542405ed2405293b0fa32f6a48b73" X="0.0" Y="0.0" Z="0.0"
              Name="61" ColorCode="ff000000" Gain="1.0" Mute="0" Enabled="0"/>
      <Source Uuid="18177d3627fc42e2a2d1e8fa932f2b61" X="0.0" Y="0.0" Z="0.0"
              Name="62" ColorCode="ff000000" Gain="1.0" Mute="0" Enabled="0"/>
      <Source Uuid="3a1ccd56e1d5411081ea0690e17bf3f7" X="0.0" Y="0.0" Z="0.0"
              Name="63" ColorCode="ff000000" Gain="1.0" Mute="0" Enabled="0"/>
      <Source Uuid="61b4caae881c48a38726ca3ce3a0d2b5" X="0.0" Y="0.0" Z="0.0"
              Name="64" ColorCode="ff000000" Gain="1.0" Mute="0" Enabled="0"/>
    </Sources>
    <Groups>
      <Group Uuid="9dd1eb98d98648ef914520dbf6c0a803" X="0.01579427719116211"
             Y="-0.3395774364471436" Z="0.0" Name="DAW" ColorCode="ff143f1e"
             Gain="1.0" Mute="0" Enabled="1">
        <SubPoints>
          <SubPoint Id="1090c25fcd8945e9b74ffb247c2ae9b7"/>
          <SubPoint Id="62265b63b64d435c9abc42ac7fb48d19"/>
        </SubPoints>
        <Rotation Q0="0.0" Q1="0.0" Q2="0.9991870521994101" Q3="0.04031419994311435"/>
        <Stretch Factor="0.6175303906202316"/>
      </Group>
      <Group Uuid="8a1b2fca8b4b41f48ff11a933389e1ca" X="0.0" Y="0.0" Z="0.0"
             Name="G2" ColorCode="ffff4500" Gain="1.0" Mute="0" Enabled="0">
        <SubPoints/>
        <Rotation Q0="0.0" Q1="0.0" Q2="0.0" Q3="1.0"/>
        <Stretch Factor="1.0"/>
      </Group>
      <Group Uuid="07e9ff445bbc4ab4b3de5e63604538a7" X="0.0" Y="0.0" Z="0.0"
             Name="G3" ColorCode="ffff4500" Gain="1.0" Mute="0" Enabled="0">
        <SubPoints/>
        <Rotation Q0="0.0" Q1="0.0" Q2="0.0" Q3="1.0"/>
        <Stretch Factor="1.0"/>
      </Group>
      <Group Uuid="9d8f84f274c64927bd24e2346861a784" X="0.0" Y="0.0" Z="0.0"
             Name="G4" ColorCode="ffff4500" Gain="1.0" Mute="0" Enabled="0">
        <SubPoints/>
        <Rotation Q0="0.0" Q1="0.0" Q2="0.0" Q3="1.0"/>
        <Stretch Factor="1.0"/>
      </Group>
      <Group Uuid="b7725949db954619aee1a222780e373a" X="0.0" Y="0.0" Z="0.0"
             Name="G5" ColorCode="ffff4500" Gain="1.0" Mute="0" Enabled="0">
        <SubPoints/>
        <Rotation Q0="0.0" Q1="0.0" Q2="0.0" Q3="1.0"/>
        <Stretch Factor="1.0"/>
      </Group>
      <Group Uuid="adb031a15d874fb7aba17bac3faca4ce" X="0.0" Y="0.0" Z="0.0"
             Name="G6" ColorCode="ffff4500" Gain="1.0" Mute="0" Enabled="0">
        <SubPoints/>
        <Rotation Q0="0.0" Q1="0.0" Q2="0.0" Q3="1.0"/>
        <Stretch Factor="1.0"/>
      </Group>
      <Group Uuid="9620090502004a14b8a161d6b0d6a5e8" X="0.0" Y="0.0" Z="0.0"
             Name="G7" ColorCode="ffff4500" Gain="1.0" Mute="0" Enabled="0">
        <SubPoints/>
        <Rotation Q0="0.0" Q1="0.0" Q2="0.0" Q3="1.0"/>
        <Stretch Factor="1.0"/>
      </Group>
      <Group Uuid="9e5c1e23cf1b44ccb8d3cdbb302545a1" X="0.0" Y="0.0" Z="0.0"
             Name="G8" ColorCode="ffff4500" Gain="1.0" Mute="0" Enabled="0">
        <SubPoints/>
        <Rotation Q0="0.0" Q1="0.0" Q2="0.0" Q3="1.0"/>
        <Stretch Factor="1.0"/>
      </Group>
    </Groups>
  </AmbiSourceSet>
</EncoderPreset>
