<?xml version="1.0" encoding="UTF-8"?>

<EncoderPreset>
  <AmbiSourceSet>
    <DistanceScaler Factor="1.0"/>
    <MasterGain Value="0.0"/>
    <Sources>
      <Source Uuid="666788e654ac48d28dc4f5f2d9349745" X="0.0116279125213623"
              Y="0.03488373756408691" Z="0.08143067359924316" Name="Local"
              ColorCode="ffea0808" Gain="1.0" Mute="0" Enabled="1"/>
      <Source Uuid="fc88d3c6f61142e5947ddec516401d13" X="-0.4941860437393188"
              Y="0.116279125213623" Z="0.08143067359924316" Name="Loc_1" ColorCode="ff288bc6"
              Gain="1.0" Mute="0" Enabled="1"/>
      <Source Uuid="621193bc5d5c4a33a4ccc9496a3a1d01" X="-0.4186046719551086"
              Y="0.2732558250427246" Z="0.08143067359924316" Name="Loc_2" ColorCode="ff288bc6"
              Gain="1.0" Mute="0" Enabled="1"/>
      <Source Uuid="55c9f9ca111b48c9976c90376b4db2c1" X="-0.2848837375640869"
              Y="0.4186046123504639" Z="0.0" Name="Loc_3" ColorCode="ff288bc6"
              Gain="1.0" Mute="0" Enabled="1"/>
      <Source Uuid="97e1e905eaa94b51983a2425365cb140" X="0.2616279125213623"
              Y="0.4418604373931885" Z="0.0" Name="Loc_4" ColorCode="ff288bc6"
              Gain="1.0" Mute="0" Enabled="1"/>
      <Source Uuid="6bdf34ebc7f04675b6397e3b9d08021e" X="0.3953487873077393"
              Y="0.3023256063461304" Z="0.0" Name="Loc_5" ColorCode="ff288bc6"
              Gain="1.0" Mute="0" Enabled="1"/>
      <Source Uuid="6cfd16b15a724e2e9dd3555aed2b8c89" X="0.4825581312179565"
              Y="0.1279069185256958" Z="0.0" Name="Loc_6" ColorCode="ff288bc6"
              Gain="1.0" Mute="0" Enabled="1"/>
      <Source Uuid="d2d704dcb4cc426397db70ffb84e1716" X="0.0" Y="0.0" Z="0.0"
              Name="Loc_7" ColorCode="ff288bc6" Gain="1.0" Mute="0" Enabled="0"/>
      <Source Uuid="2bd74fa6e3ca4199ad49ddc476af0ba8" X="0.0" Y="0.0" Z="0.0"
              Name="Loc_8" ColorCode="ff288bc6" Gain="1.0" Mute="0" Enabled="0"/>
      <Source Uuid="46b0569dd26b44138d7c008aa50ac6e6" X="0.0" Y="0.0" Z="0.0"
              Name="Loc_9" ColorCode="ff288bc6" Gain="1.0" Mute="0" Enabled="0"/>
      <Source Uuid="e9a43636b50a4b0798dbb1c131d85605" X="0.0" Y="0.0" Z="0.0"
              Name="Loc_10" ColorCode="ff288bc6" Gain="1.0" Mute="0" Enabled="0"/>
      <Source Uuid="d7761115ff244195ba7be955ec0dc3ce" X="0.0" Y="0.0" Z="0.0"
              Name="Loc_11" ColorCode="ff288bc6" Gain="1.0" Mute="0" Enabled="0"/>
      <Source Uuid="23be2d5eb0a44ed7b873e40cbaeecf0d" X="0.0" Y="0.0" Z="0.0"
              Name="Loc_12" ColorCode="ff288bc6" Gain="1.0" Mute="0" Enabled="0"/>
      <Source Uuid="f2734af11b314017a352454bfabd4e26" X="0.0" Y="0.0" Z="0.0"
              Name="Lov_13" ColorCode="ff288bc6" Gain="1.0" Mute="0" Enabled="0"/>
      <Source Uuid="b9f5d161b1d5464d99623b012ec051f3" X="0.0" Y="0.0" Z="0.0"
              Name="Loc_14" ColorCode="ff288bc6" Gain="1.0" Mute="0" Enabled="0"/>
      <Source Uuid="b0362e11fc204b1ea556e3a2d9c577ec" X="0.0" Y="0.0" Z="0.0"
              Name="Loc_15" ColorCode="ff288bc6" Gain="1.0" Mute="0" Enabled="0"/>
      <Source Uuid="263a9fb5c95d416bbb7bd057f55c0e8f" X="0.0" Y="0.0" Z="0.0"
              Name="Loc_16" ColorCode="ff288bc6" Gain="1.0" Mute="0" Enabled="0"/>
      <Source Uuid="d27c07dbb08c4e0e929165ebf19b6d88" X="0.0" Y="0.0" Z="0.0"
              Name="18" ColorCode="ff000000" Gain="1.0" Mute="0" Enabled="0"/>
      <Source Uuid="da5c6db5ed3d46de9efec2f6aa0a1eef" X="0.0" Y="0.0" Z="0.0"
              Name="19" ColorCode="ff000000" Gain="1.0" Mute="0" Enabled="0"/>
      <Source Uuid="4af222cf0c994b798b3f07d320f57fee" X="0.0" Y="0.0" Z="0.0"
              Name="20" ColorCode="ff000000" Gain="1.0" Mute="0" Enabled="0"/>
      <Source Uuid="d3e1fbf564b34e4cb11bb134c09575ab" X="0.0" Y="0.0" Z="0.0"
              Name="21" ColorCode="ff000000" Gain="1.0" Mute="0" Enabled="0"/>
      <Source Uuid="1df812715e8c42d28e53f8dfd8128e84" X="0.0" Y="0.0" Z="0.0"
              Name="22" ColorCode="ff000000" Gain="1.0" Mute="0" Enabled="0"/>
      <Source Uuid="3c0660c85ab549e08ef08245e0a9bcd7" X="0.0" Y="0.0" Z="0.0"
              Name="23" ColorCode="ff000000" Gain="1.0" Mute="0" Enabled="0"/>
      <Source Uuid="f92bb3d85def416793235c27a3d11f64" X="0.0" Y="0.0" Z="0.0"
              Name="24" ColorCode="ff000000" Gain="1.0" Mute="0" Enabled="0"/>
      <Source Uuid="fd9508a938464047a6f92266debc808b" X="0.0" Y="0.0" Z="0.0"
              Name="25" ColorCode="ff000000" Gain="1.0" Mute="0" Enabled="0"/>
      <Source Uuid="7eaf896375e2488199abe998347b31af" X="0.0" Y="0.0" Z="0.0"
              Name="26" ColorCode="ff000000" Gain="1.0" Mute="0" Enabled="0"/>
      <Source Uuid="a2925140fff8450aa3d6803ed2883ce1" X="0.0" Y="0.0" Z="0.0"
              Name="27" ColorCode="ff000000" Gain="1.0" Mute="0" Enabled="0"/>
      <Source Uuid="740f1ff4acba4ffdb05fb80bd357cd2c" X="0.0" Y="0.0" Z="0.0"
              Name="28" ColorCode="ff000000" Gain="1.0" Mute="0" Enabled="0"/>
      <Source Uuid="2f600ad17f53403fbb8bf068902f0195" X="0.0" Y="0.0" Z="0.0"
              Name="29" ColorCode="ff000000" Gain="1.0" Mute="0" Enabled="0"/>
      <Source Uuid="ea2aecb68b5545bcbbb3a81d1e2b2df5" X="0.0" Y="0.0" Z="0.0"
              Name="30" ColorCode="ff000000" Gain="1.0" Mute="0" Enabled="0"/>
      <Source Uuid="78cd59712e7148ebaa36f48072362521" X="0.0" Y="0.0" Z="0.0"
              Name="31" ColorCode="ff000000" Gain="1.0" Mute="0" Enabled="0"/>
      <Source Uuid="a098cbfb31704870b9efab3e5595a9a3" X="0.0" Y="0.0" Z="0.0"
              Name="32" ColorCode="ff000000" Gain="1.0" Mute="0" Enabled="0"/>
      <Source Uuid="c3c5ade9cbf64f578c1caea75a39d184" X="0.0" Y="0.0" Z="0.0"
              Name="33" ColorCode="ff000000" Gain="1.0" Mute="0" Enabled="0"/>
      <Source Uuid="3a6f24b88811488ea6fa8bd83a98cc11" X="0.0" Y="0.0" Z="0.0"
              Name="34" ColorCode="ff000000" Gain="1.0" Mute="0" Enabled="0"/>
      <Source Uuid="640ef61a05cf48b5b41c56166f08dc94" X="0.0" Y="0.0" Z="0.0"
              Name="35" ColorCode="ff000000" Gain="1.0" Mute="0" Enabled="0"/>
      <Source Uuid="86505aaaa0ff4e45acfb655015241bb2" X="0.0" Y="0.0" Z="0.0"
              Name="36" ColorCode="ff000000" Gain="1.0" Mute="0" Enabled="0"/>
      <Source Uuid="29f18655a9354d208e4342f34844358a" X="0.0" Y="0.0" Z="0.0"
              Name="37" ColorCode="ff000000" Gain="1.0" Mute="0" Enabled="0"/>
      <Source Uuid="af508f552ae941ac81e8e9d0bc88e266" X="0.0" Y="0.0" Z="0.0"
              Name="38" ColorCode="ff000000" Gain="1.0" Mute="0" Enabled="0"/>
      <Source Uuid="b18c06b645bb493eb6f1ad997224b087" X="0.0" Y="0.0" Z="0.0"
              Name="39" ColorCode="ff000000" Gain="1.0" Mute="0" Enabled="0"/>
      <Source Uuid="73435f1e862a4b548139a160da2f7ade" X="0.0" Y="0.0" Z="0.0"
              Name="40" ColorCode="ff000000" Gain="1.0" Mute="0" Enabled="0"/>
      <Source Uuid="46b848a5296e405ea4299f6bdd919df9" X="0.0" Y="0.0" Z="0.0"
              Name="41" ColorCode="ff000000" Gain="1.0" Mute="0" Enabled="0"/>
      <Source Uuid="628d3b87ab2145c39e73de2d7a85300b" X="0.0" Y="0.0" Z="0.0"
              Name="42" ColorCode="ff000000" Gain="1.0" Mute="0" Enabled="0"/>
      <Source Uuid="643620f4c959474d887a5ed5244c2831" X="0.0" Y="0.0" Z="0.0"
              Name="43" ColorCode="ff000000" Gain="1.0" Mute="0" Enabled="0"/>
      <Source Uuid="f184d643618d42dba043d328a05c3907" X="0.0" Y="0.0" Z="0.0"
              Name="44" ColorCode="ff000000" Gain="1.0" Mute="0" Enabled="0"/>
      <Source Uuid="57203e2e68fc4a5b8aeaecede28690f7" X="0.0" Y="0.0" Z="0.0"
              Name="45" ColorCode="ff000000" Gain="1.0" Mute="0" Enabled="0"/>
      <Source Uuid="3883bf0c95d6488d97db7e03cc848926" X="0.0" Y="0.0" Z="0.0"
              Name="46" ColorCode="ff000000" Gain="1.0" Mute="0" Enabled="0"/>
      <Source Uuid="ddf4adda8f64463d86ada72161048f24" X="0.0" Y="0.0" Z="0.0"
              Name="47" ColorCode="ff000000" Gain="1.0" Mute="0" Enabled="0"/>
      <Source Uuid="b84a720da646461092ebe7b51ef4ee32" X="0.0" Y="0.0" Z="0.0"
              Name="48" ColorCode="ff000000" Gain="1.0" Mute="0" Enabled="0"/>
      <Source Uuid="46ac3c21ca3645f2aece977074e7e408" X="0.0" Y="0.0" Z="0.0"
              Name="49" ColorCode="ff000000" Gain="1.0" Mute="0" Enabled="0"/>
      <Source Uuid="244530aebc82450b99ee46d88fe10707" X="0.0" Y="0.0" Z="0.0"
              Name="50" ColorCode="ff000000" Gain="1.0" Mute="0" Enabled="0"/>
      <Source Uuid="1655118a235b4fa2a09030d9d802820a" X="0.0" Y="0.0" Z="0.0"
              Name="51" ColorCode="ff000000" Gain="1.0" Mute="0" Enabled="0"/>
      <Source Uuid="5a3ee658ffb441cfaae9689cb887666a" X="0.0" Y="0.0" Z="0.0"
              Name="52" ColorCode="ff000000" Gain="1.0" Mute="0" Enabled="0"/>
      <Source Uuid="cb01eef6de214b4ba7f826fe451c9dcb" X="0.0" Y="0.0" Z="0.0"
              Name="53" ColorCode="ff000000" Gain="1.0" Mute="0" Enabled="0"/>
      <Source Uuid="f86a5d0d2c8f479fa128cd499913571b" X="0.0" Y="0.0" Z="0.0"
              Name="54" ColorCode="ff000000" Gain="1.0" Mute="0" Enabled="0"/>
      <Source Uuid="58010338ead24184bbca4cddfd7ad7ee" X="0.0" Y="0.0" Z="0.0"
              Name="55" ColorCode="ff000000" Gain="1.0" Mute="0" Enabled="0"/>
      <Source Uuid="81332ee8e5bc4eb9b9185ecba92e6760" X="0.0" Y="0.0" Z="0.0"
              Name="56" ColorCode="ff000000" Gain="1.0" Mute="0" Enabled="0"/>
      <Source Uuid="b8de2819c0974822942d1a27b58fc1fa" X="0.0" Y="0.0" Z="0.0"
              Name="57" ColorCode="ff000000" Gain="1.0" Mute="0" Enabled="0"/>
      <Source Uuid="3a14a8cb71d64b6f8f188a1e7e05de6a" X="0.0" Y="0.0" Z="0.0"
              Name="58" ColorCode="ff000000" Gain="1.0" Mute="0" Enabled="0"/>
      <Source Uuid="095cae4f03254bc4b2390b6acc008b4d" X="0.0" Y="0.0" Z="0.0"
              Name="59" ColorCode="ff000000" Gain="1.0" Mute="0" Enabled="0"/>
      <Source Uuid="b6c7382b38db4515a91fade026d1f3aa" X="0.0" Y="0.0" Z="0.0"
              Name="60" ColorCode="ff000000" Gain="1.0" Mute="0" Enabled="0"/>
      <Source Uuid="a80df7845687402ea069a164d5f7fad6" X="0.0" Y="0.0" Z="0.0"
              Name="61" ColorCode="ff000000" Gain="1.0" Mute="0" Enabled="0"/>
      <Source Uuid="25d4065ac353489192fcc41ac388c971" X="0.0" Y="0.0" Z="0.0"
              Name="62" ColorCode="ff000000" Gain="1.0" Mute="0" Enabled="0"/>
      <Source Uuid="511401df81de4b12afd645f7c63a6c12" X="0.0" Y="0.0" Z="0.0"
              Name="63" ColorCode="ff000000" Gain="1.0" Mute="0" Enabled="0"/>
      <Source Uuid="ee67a32899f4402d9eccac320e9f8875" X="0.0" Y="0.0" Z="0.0"
              Name="64" ColorCode="ff000000" Gain="1.0" Mute="0" Enabled="0"/>
    </Sources>
    <Groups>
      <Group Uuid="c876d1a3b9d34c40a6a975dbb91173c0" X="0.0" Y="0.0" Z="0.0"
             Name="G1" ColorCode="ffff4500" Gain="1.0" Mute="0" Enabled="0">
        <SubPoints/>
        <Rotation Q0="0.0" Q1="0.0" Q2="0.0" Q3="1.0"/>
        <Stretch Factor="1.0"/>
      </Group>
      <Group Uuid="a9f1301843de49f08f735d1b71307f7a" X="0.0" Y="0.0" Z="0.0"
             Name="G2" ColorCode="ffff4500" Gain="1.0" Mute="0" Enabled="0">
        <SubPoints/>
        <Rotation Q0="0.0" Q1="0.0" Q2="0.0" Q3="1.0"/>
        <Stretch Factor="1.0"/>
      </Group>
      <Group Uuid="ad6e5988176243128959fd3e8a2b5203" X="0.0" Y="0.0" Z="0.0"
             Name="G3" ColorCode="ffff4500" Gain="1.0" Mute="0" Enabled="0">
        <SubPoints/>
        <Rotation Q0="0.0" Q1="0.0" Q2="0.0" Q3="1.0"/>
        <Stretch Factor="1.0"/>
      </Group>
      <Group Uuid="99c9d0d141314bfc8248db6221cd7f2e" X="0.0" Y="0.0" Z="0.0"
             Name="G4" ColorCode="ffff4500" Gain="1.0" Mute="0" Enabled="0">
        <SubPoints/>
        <Rotation Q0="0.0" Q1="0.0" Q2="0.0" Q3="1.0"/>
        <Stretch Factor="1.0"/>
      </Group>
      <Group Uuid="4aab3100dd094279a8ad5b1fdbc210bd" X="0.0" Y="0.0" Z="0.0"
             Name="G5" ColorCode="ffff4500" Gain="1.0" Mute="0" Enabled="0">
        <SubPoints/>
        <Rotation Q0="0.0" Q1="0.0" Q2="0.0" Q3="1.0"/>
        <Stretch Factor="1.0"/>
      </Group>
      <Group Uuid="157f4d5c93ee45018285cc9dd413015e" X="0.0" Y="0.0" Z="0.0"
             Name="G6" ColorCode="ffff4500" Gain="1.0" Mute="0" Enabled="0">
        <SubPoints/>
        <Rotation Q0="0.0" Q1="0.0" Q2="0.0" Q3="1.0"/>
        <Stretch Factor="1.0"/>
      </Group>
      <Group Uuid="ce4d6bfc76404d5b9a8e1a95f715a40d" X="0.0" Y="0.0" Z="0.0"
             Name="G7" ColorCode="ffff4500" Gain="1.0" Mute="0" Enabled="0">
        <SubPoints/>
        <Rotation Q0="0.0" Q1="0.0" Q2="0.0" Q3="1.0"/>
        <Stretch Factor="1.0"/>
      </Group>
      <Group Uuid="56487575e7394a83b7de2fe41b8a35a8" X="0.0" Y="0.0" Z="0.0"
             Name="G8" ColorCode="ffff4500" Gain="1.0" Mute="0" Enabled="0">
        <SubPoints/>
        <Rotation Q0="0.0" Q1="0.0" Q2="0.0" Q3="1.0"/>
        <Stretch Factor="1.0"/>
      </Group>
    </Groups>
  </AmbiSourceSet>
</EncoderPreset>
