<?xml version="1.0" encoding="UTF-8"?>

<EncoderPreset>
  <AmbiSourceSet>
    <DistanceScaler Factor="1.0"/>
    <MasterGain Value="0.0"/>
    <Sources>
      <Source Uuid="715d22059d144ecbb3bdf707b7d6b57a" X="0.0" Y="0.03488373756408691"
              Z="0.08143067359924316" Name="Local" ColorCode="ffea0808" Gain="1.0"
              Mute="0" Enabled="1"/>
      <Source Uuid="4bf5e29be7eb49c58a2064193b523c8c" X="-0.4825581312179565"
              Y="0.1220930814743042" Z="0.08143067359924316" Name="Loc_1" ColorCode="ff288bc6"
              Gain="1.0" Mute="0" Enabled="1"/>
      <Source Uuid="de465003e2ce42908e6de479ddfeb219" X="-0.354651153087616"
              Y="0.366279125213623" Z="0.08143067359924316" Name="Loc_2" ColorCode="ff288bc6"
              Gain="1.0" Mute="0" Enabled="1"/>
      <Source Uuid="7f21f64715c04e7d930d829df0c88ac0" X="-0.005813956260681152"
              Y="0.4825581312179565" Z="0.0" Name="Loc_3" ColorCode="ff288bc6"
              Gain="1.0" Mute="0" Enabled="1"/>
      <Source Uuid="0659c29e5bbd4ce7ada949467d147d57" X="0.3953487873077393"
              Y="0.325581431388855" Z="0.0" Name="Loc_4" ColorCode="ff288bc6"
              Gain="1.0" Mute="0" Enabled="1"/>
      <Source Uuid="c70b78993d234834b963d0295d731e86" X="0.4651162624359131"
              Y="0.1220930814743042" Z="0.0" Name="Loc_5" ColorCode="ff288bc6"
              Gain="1.0" Mute="0" Enabled="1"/>
      <Source Uuid="efe0c1dfe86f4df6b4e79403119d6575" X="0.0" Y="0.0" Z="0.0"
              Name="Loc_6" ColorCode="ff288bc6" Gain="1.0" Mute="0" Enabled="0"/>
      <Source Uuid="5150726754164181986db4ebeb582f9d" X="0.0" Y="0.0" Z="0.0"
              Name="Loc_7" ColorCode="ff288bc6" Gain="1.0" Mute="0" Enabled="0"/>
      <Source Uuid="d7770419d7b74f0686ac843ed7777d8b" X="0.0" Y="0.0" Z="0.0"
              Name="Loc_8" ColorCode="ff288bc6" Gain="1.0" Mute="0" Enabled="0"/>
      <Source Uuid="600d0bfc91bc449fbe2b33a8d3c04951" X="0.0" Y="0.0" Z="0.0"
              Name="Loc_9" ColorCode="ff288bc6" Gain="1.0" Mute="0" Enabled="0"/>
      <Source Uuid="2bae5dc72787460eaabd14ad9708c6db" X="0.0" Y="0.0" Z="0.0"
              Name="Loc_10" ColorCode="ff288bc6" Gain="1.0" Mute="0" Enabled="0"/>
      <Source Uuid="3d306c6db94b444fa9ddf2efcb38b357" X="0.0" Y="0.0" Z="0.0"
              Name="Loc_11" ColorCode="ff288bc6" Gain="1.0" Mute="0" Enabled="0"/>
      <Source Uuid="8e866d8cfc0e431d9abd20655f5603a3" X="0.0" Y="0.0" Z="0.0"
              Name="Loc_12" ColorCode="ff288bc6" Gain="1.0" Mute="0" Enabled="0"/>
      <Source Uuid="fd970cecc06e46bebd1c11f600330c95" X="0.0" Y="0.0" Z="0.0"
              Name="Lov_13" ColorCode="ff288bc6" Gain="1.0" Mute="0" Enabled="0"/>
      <Source Uuid="792883ec20b1484c8ebc30dcf0b240fd" X="0.0" Y="0.0" Z="0.0"
              Name="Loc_14" ColorCode="ff288bc6" Gain="1.0" Mute="0" Enabled="0"/>
      <Source Uuid="8dcb44a45f904842804fc74a5eade65e" X="0.0" Y="0.0" Z="0.0"
              Name="Loc_15" ColorCode="ff288bc6" Gain="1.0" Mute="0" Enabled="0"/>
      <Source Uuid="efc175e401384d29ae1ed19ea62d20a1" X="0.0" Y="0.0" Z="0.0"
              Name="Loc_16" ColorCode="ff288bc6" Gain="1.0" Mute="0" Enabled="0"/>
      <Source Uuid="71379ba005b84e22aee4dcf9b3803c71" X="0.0" Y="0.0" Z="0.0"
              Name="18" ColorCode="ff000000" Gain="1.0" Mute="0" Enabled="0"/>
      <Source Uuid="c24a347ea96a4bbba902c4e4f83f2148" X="0.0" Y="0.0" Z="0.0"
              Name="19" ColorCode="ff000000" Gain="1.0" Mute="0" Enabled="0"/>
      <Source Uuid="efe42ee87aed4a4bbb7544c2549347d3" X="0.0" Y="0.0" Z="0.0"
              Name="20" ColorCode="ff000000" Gain="1.0" Mute="0" Enabled="0"/>
      <Source Uuid="645e06d1788c4c41bcd3866852931c87" X="0.0" Y="0.0" Z="0.0"
              Name="21" ColorCode="ff000000" Gain="1.0" Mute="0" Enabled="0"/>
      <Source Uuid="eec331261bb9486f8cf236a5855a7f86" X="0.0" Y="0.0" Z="0.0"
              Name="22" ColorCode="ff000000" Gain="1.0" Mute="0" Enabled="0"/>
      <Source Uuid="dd5daff2240540c18cfac7213629084c" X="0.0" Y="0.0" Z="0.0"
              Name="23" ColorCode="ff000000" Gain="1.0" Mute="0" Enabled="0"/>
      <Source Uuid="d36bbfe5a253483ca3603f2c1955534e" X="0.0" Y="0.0" Z="0.0"
              Name="24" ColorCode="ff000000" Gain="1.0" Mute="0" Enabled="0"/>
      <Source Uuid="e56cb8e204564cf6a1f1b0392b592e74" X="0.0" Y="0.0" Z="0.0"
              Name="25" ColorCode="ff000000" Gain="1.0" Mute="0" Enabled="0"/>
      <Source Uuid="4a2d075994924cb1b69c89f6afd5d34b" X="0.0" Y="0.0" Z="0.0"
              Name="26" ColorCode="ff000000" Gain="1.0" Mute="0" Enabled="0"/>
      <Source Uuid="c4bf462e6f8b455ca9331a1d7030fd17" X="0.0" Y="0.0" Z="0.0"
              Name="27" ColorCode="ff000000" Gain="1.0" Mute="0" Enabled="0"/>
      <Source Uuid="2c85efc9a005429c9e3fec3c3d880335" X="0.0" Y="0.0" Z="0.0"
              Name="28" ColorCode="ff000000" Gain="1.0" Mute="0" Enabled="0"/>
      <Source Uuid="4bc8208c946e4a54ae186fb36f2c27fb" X="0.0" Y="0.0" Z="0.0"
              Name="29" ColorCode="ff000000" Gain="1.0" Mute="0" Enabled="0"/>
      <Source Uuid="1fca5cf24d494db6bece3a15342507a8" X="0.0" Y="0.0" Z="0.0"
              Name="30" ColorCode="ff000000" Gain="1.0" Mute="0" Enabled="0"/>
      <Source Uuid="7c76dc9737c04728bb3571f02f484bda" X="0.0" Y="0.0" Z="0.0"
              Name="31" ColorCode="ff000000" Gain="1.0" Mute="0" Enabled="0"/>
      <Source Uuid="d100606ac54d4313b5279c5cd71f2505" X="0.0" Y="0.0" Z="0.0"
              Name="32" ColorCode="ff000000" Gain="1.0" Mute="0" Enabled="0"/>
      <Source Uuid="5ef087509acc46649c4d4387a5357ad2" X="0.0" Y="0.0" Z="0.0"
              Name="33" ColorCode="ff000000" Gain="1.0" Mute="0" Enabled="0"/>
      <Source Uuid="c07d9b39039f4430ba742106d5876699" X="0.0" Y="0.0" Z="0.0"
              Name="34" ColorCode="ff000000" Gain="1.0" Mute="0" Enabled="0"/>
      <Source Uuid="be71e499738d43ba8b49168d13f8d1b0" X="0.0" Y="0.0" Z="0.0"
              Name="35" ColorCode="ff000000" Gain="1.0" Mute="0" Enabled="0"/>
      <Source Uuid="5863b1af31ac45d99df65bda10d3dbbb" X="0.0" Y="0.0" Z="0.0"
              Name="36" ColorCode="ff000000" Gain="1.0" Mute="0" Enabled="0"/>
      <Source Uuid="9bb875cf24894948b9885af81d175381" X="0.0" Y="0.0" Z="0.0"
              Name="37" ColorCode="ff000000" Gain="1.0" Mute="0" Enabled="0"/>
      <Source Uuid="702decd670544556903fa666fce633cc" X="0.0" Y="0.0" Z="0.0"
              Name="38" ColorCode="ff000000" Gain="1.0" Mute="0" Enabled="0"/>
      <Source Uuid="ad29093727304456b182e7be9a90e345" X="0.0" Y="0.0" Z="0.0"
              Name="39" ColorCode="ff000000" Gain="1.0" Mute="0" Enabled="0"/>
      <Source Uuid="79d33316cb20402b82113b11ad375fc5" X="0.0" Y="0.0" Z="0.0"
              Name="40" ColorCode="ff000000" Gain="1.0" Mute="0" Enabled="0"/>
      <Source Uuid="c9b78c2dd4794ff187dfe27cef8e7b4c" X="0.0" Y="0.0" Z="0.0"
              Name="41" ColorCode="ff000000" Gain="1.0" Mute="0" Enabled="0"/>
      <Source Uuid="32620d0a8554446194c162fac174c5cb" X="0.0" Y="0.0" Z="0.0"
              Name="42" ColorCode="ff000000" Gain="1.0" Mute="0" Enabled="0"/>
      <Source Uuid="0261abc0f0ed4b8aacc9c19113735ae1" X="0.0" Y="0.0" Z="0.0"
              Name="43" ColorCode="ff000000" Gain="1.0" Mute="0" Enabled="0"/>
      <Source Uuid="a083141e69dd450aa6f440afd79145c8" X="0.0" Y="0.0" Z="0.0"
              Name="44" ColorCode="ff000000" Gain="1.0" Mute="0" Enabled="0"/>
      <Source Uuid="df3d1935ddb144b296ac754bc87e9e4a" X="0.0" Y="0.0" Z="0.0"
              Name="45" ColorCode="ff000000" Gain="1.0" Mute="0" Enabled="0"/>
      <Source Uuid="02f131e1b13749b0a11f64a387c43e8c" X="0.0" Y="0.0" Z="0.0"
              Name="46" ColorCode="ff000000" Gain="1.0" Mute="0" Enabled="0"/>
      <Source Uuid="f17440c63746430fa5b0976b2f2aec91" X="0.0" Y="0.0" Z="0.0"
              Name="47" ColorCode="ff000000" Gain="1.0" Mute="0" Enabled="0"/>
      <Source Uuid="23454d1582054db6aff22c582cdb4e79" X="0.0" Y="0.0" Z="0.0"
              Name="48" ColorCode="ff000000" Gain="1.0" Mute="0" Enabled="0"/>
      <Source Uuid="58840877f8cb4a65be35bf27f453a305" X="0.0" Y="0.0" Z="0.0"
              Name="49" ColorCode="ff000000" Gain="1.0" Mute="0" Enabled="0"/>
      <Source Uuid="c211c3fff8c04ed48b7ab4e6d15bae8b" X="0.0" Y="0.0" Z="0.0"
              Name="50" ColorCode="ff000000" Gain="1.0" Mute="0" Enabled="0"/>
      <Source Uuid="7c8f5a501c53400f8eeb9056b0a39b53" X="0.0" Y="0.0" Z="0.0"
              Name="51" ColorCode="ff000000" Gain="1.0" Mute="0" Enabled="0"/>
      <Source Uuid="b13c6d3fbdb04ad98a3912bb39ee5a95" X="0.0" Y="0.0" Z="0.0"
              Name="52" ColorCode="ff000000" Gain="1.0" Mute="0" Enabled="0"/>
      <Source Uuid="cd268d5d940c41afb533c8263a02899f" X="0.0" Y="0.0" Z="0.0"
              Name="53" ColorCode="ff000000" Gain="1.0" Mute="0" Enabled="0"/>
      <Source Uuid="694e3730311247b89f4dd0054d97ee08" X="0.0" Y="0.0" Z="0.0"
              Name="54" ColorCode="ff000000" Gain="1.0" Mute="0" Enabled="0"/>
      <Source Uuid="2ad8e1b078dd48d7bc85d1c2adbbfa28" X="0.0" Y="0.0" Z="0.0"
              Name="55" ColorCode="ff000000" Gain="1.0" Mute="0" Enabled="0"/>
      <Source Uuid="6c715bf750ab44878042b7bfc255bc3f" X="0.0" Y="0.0" Z="0.0"
              Name="56" ColorCode="ff000000" Gain="1.0" Mute="0" Enabled="0"/>
      <Source Uuid="34f4d37faf3e4816add08e268be1f8db" X="0.0" Y="0.0" Z="0.0"
              Name="57" ColorCode="ff000000" Gain="1.0" Mute="0" Enabled="0"/>
      <Source Uuid="7af6d12242a245bab9c93bd85f3c9b21" X="0.0" Y="0.0" Z="0.0"
              Name="58" ColorCode="ff000000" Gain="1.0" Mute="0" Enabled="0"/>
      <Source Uuid="fd106db3a1c54feb9ab7e22a8325556b" X="0.0" Y="0.0" Z="0.0"
              Name="59" ColorCode="ff000000" Gain="1.0" Mute="0" Enabled="0"/>
      <Source Uuid="c1a32313d9c34e118aa7d4e94312e2c0" X="0.0" Y="0.0" Z="0.0"
              Name="60" ColorCode="ff000000" Gain="1.0" Mute="0" Enabled="0"/>
      <Source Uuid="f27a9496759e45268c48d579d36445f7" X="0.0" Y="0.0" Z="0.0"
              Name="61" ColorCode="ff000000" Gain="1.0" Mute="0" Enabled="0"/>
      <Source Uuid="ddcbe98be6c74c2da0366ddb2ce230c4" X="0.0" Y="0.0" Z="0.0"
              Name="62" ColorCode="ff000000" Gain="1.0" Mute="0" Enabled="0"/>
      <Source Uuid="58eec8e95a9d4e30a844e771deb24446" X="0.0" Y="0.0" Z="0.0"
              Name="63" ColorCode="ff000000" Gain="1.0" Mute="0" Enabled="0"/>
      <Source Uuid="424258efae254a14acbf0b157a38f2e4" X="0.0" Y="0.0" Z="0.0"
              Name="64" ColorCode="ff000000" Gain="1.0" Mute="0" Enabled="0"/>
    </Sources>
    <Groups>
      <Group Uuid="a9cfba9fc50e4d40afd80b05cf7de13e" X="0.0" Y="0.0" Z="0.0"
             Name="G1" ColorCode="ffff4500" Gain="1.0" Mute="0" Enabled="0">
        <SubPoints/>
        <Rotation Q0="0.0" Q1="0.0" Q2="0.0" Q3="1.0"/>
        <Stretch Factor="1.0"/>
      </Group>
      <Group Uuid="7d17a121042240b787474b9c20c64fa0" X="0.0" Y="0.0" Z="0.0"
             Name="G2" ColorCode="ffff4500" Gain="1.0" Mute="0" Enabled="0">
        <SubPoints/>
        <Rotation Q0="0.0" Q1="0.0" Q2="0.0" Q3="1.0"/>
        <Stretch Factor="1.0"/>
      </Group>
      <Group Uuid="3c6500d7e5a2445da640dd1675ef0dec" X="0.0" Y="0.0" Z="0.0"
             Name="G3" ColorCode="ffff4500" Gain="1.0" Mute="0" Enabled="0">
        <SubPoints/>
        <Rotation Q0="0.0" Q1="0.0" Q2="0.0" Q3="1.0"/>
        <Stretch Factor="1.0"/>
      </Group>
      <Group Uuid="a5218d4bc62e4bf79cdabd5f7b3ad0d2" X="0.0" Y="0.0" Z="0.0"
             Name="G4" ColorCode="ffff4500" Gain="1.0" Mute="0" Enabled="0">
        <SubPoints/>
        <Rotation Q0="0.0" Q1="0.0" Q2="0.0" Q3="1.0"/>
        <Stretch Factor="1.0"/>
      </Group>
      <Group Uuid="4b72e4010cac41059a6ffa72d942c6ab" X="0.0" Y="0.0" Z="0.0"
             Name="G5" ColorCode="ffff4500" Gain="1.0" Mute="0" Enabled="0">
        <SubPoints/>
        <Rotation Q0="0.0" Q1="0.0" Q2="0.0" Q3="1.0"/>
        <Stretch Factor="1.0"/>
      </Group>
      <Group Uuid="23dcb156d8334c5ea0abf941fe53350b" X="0.0" Y="0.0" Z="0.0"
             Name="G6" ColorCode="ffff4500" Gain="1.0" Mute="0" Enabled="0">
        <SubPoints/>
        <Rotation Q0="0.0" Q1="0.0" Q2="0.0" Q3="1.0"/>
        <Stretch Factor="1.0"/>
      </Group>
      <Group Uuid="b9ee513e391e4f758c51eae1b75575d2" X="0.0" Y="0.0" Z="0.0"
             Name="G7" ColorCode="ffff4500" Gain="1.0" Mute="0" Enabled="0">
        <SubPoints/>
        <Rotation Q0="0.0" Q1="0.0" Q2="0.0" Q3="1.0"/>
        <Stretch Factor="1.0"/>
      </Group>
      <Group Uuid="c0205fb8f40648bea2615062ba69ba5d" X="0.0" Y="0.0" Z="0.0"
             Name="G8" ColorCode="ffff4500" Gain="1.0" Mute="0" Enabled="0">
        <SubPoints/>
        <Rotation Q0="0.0" Q1="0.0" Q2="0.0" Q3="1.0"/>
        <Stretch Factor="1.0"/>
      </Group>
    </Groups>
  </AmbiSourceSet>
</EncoderPreset>
